id_invoice,tanggal,id_customer,nama,id_cabang,cabang,grup,id_distributor,id_barang,nama_barang,kemasan,lini,jumlah,satuan,harga,mata_uang
IN6297,2022-01-20,CUST55381,APOTEK MAJA,CAB02,Kuningan,Apotek,TD,BRG0002,ALERGINE TABLET SALUT,DUS,ETIKAL,5,DUS,2337.5,IDR
IN5997,2022-01-20,CUST55380,APOTEK TAPAK,CAB01,Aceh,Apotek,TD,BRG0001,ACYCLOVIR DUS,DUS,OGB & PH,1,DUS,1169.91,IDR
IN6155,2022-01-21,CUST55382,KLINIK GM,CAB03,Jakarta,Klinik,TA,BRG0003,AMPICILLIN,BOTOL,MARCKS,9,DUS,10690.6,IDR
IN6144,2022-01-22,CUST55383,APOTEK MERDEKA,CAB04,Bandung,Apotek,EPM,BRG0004,TRAMADOL KAPSUL 50 MG,KAPSUL,VNS,13,DUS,8700.7,IDR
IN6039,2022-01-23,CUST55480,APOTEK MERDEKA,CAB04,Bandung,Apotek,EPM,BRG0001,ACYCLOVIR DUS,DUS,OGB & PH,13,DUS,1169.91,IDR
IN6183,2022-01-23,CUST55498,APOTEK SAHABAT,CAB07,Padang,Apotek,TD,BRG0003,AMPICILLIN,BOTOL,VNS,25,DUS,5780.7,IDR
IN6065,2022-01-23,CUST55474,KLINIK SAHABAT,CAB05,Tangerang,Klinik,EPM,BRG0005,KLORPROMAZINA TABLET SALUT SELAPUT 100 MG,TABLET,SLCYL,4,DUS,5648.3,IDR
IN6284,2022-01-23,CUST55540,APOTEK MERDEKA,CAB04,Bandung,Apotek,TA,BRG0001,ACYCLOVIR DUS,DUS,OGB & PH,76,DUS,1169.91,IDR
IN6317,2022-01-23,CUST55522,APOTEK TAPAK,CAB01,Aceh,Apotek,TD,BRG0003,AMPICILLIN,BOTOL,MARCKS,10,DUS,10690.6,IDR
IN6286,2022-01-23,CUST55468,APOTEK SAHABAT,CAB07,Padang,Apotek,TD,BRG0003,AMPICILLIN,BOTOL,VNS,120,DUS,5780.7,IDR
IN6318,2022-01-23,CUST55462,APOTEK TAPAK,CAB01,Aceh,Apotek,TD,BRG0003,AMPICILLIN,BOTOL,MARCKS,21,DUS,10690.6,IDR
IN6221,2022-01-23,CUST55504,KLINIK SAHABAT,CAB05,Tangerang,Klinik,EPM,BRG0005,KLORPROMAZINA TABLET SALUT SELAPUT 100 MG,TABLET,SLCYL,25,DUS,5648.3,IDR
IN6216,2022-01-23,CUST55456,APOTEK MAJA,CAB02,Kuningan,Apotek,TA,BRG0007,ERGOTAMINE COFFEINE,BOTOL,ETIKAL,98,DUS,4592.1,IDR
IN6233,2022-01-23,CUST55450,APOTEK MERDEKA,CAB04,Bandung,Apotek,EPM,BRG0001,ACYCLOVIR DUS,DUS,OGB & PH,24,DUS,1169.91,IDR
IN6202,2022-01-23,CUST55528,APOTEK SAHABAT,CAB07,Padang,Apotek,EPM,BRG0003,AMPICILLIN,BOTOL,VNS,34,DUS,5780.7,IDR
IN6190,2022-01-23,CUST55390,APOTEK MERDEKA,CAB04,Bandung,Apotek,TD,BRG0001,ACYCLOVIR DUS,DUS,OGB & PH,2,DUS,1169.91,IDR
IN6215,2022-01-23,CUST55510,APOTEK MERDEKA,CAB04,Bandung,Apotek,TA,BRG0001,ACYCLOVIR DUS,DUS,OGB & PH,13,DUS,1169.91,IDR
IN6220,2022-01-23,CUST55444,KLINIK SAHABAT,CAB05,Tangerang,Klinik,TD,BRG0005,KLORPROMAZINA TABLET SALUT SELAPUT 100 MG,TABLET,SLCYL,48,DUS,5648.3,IDR
IN6217,2022-01-23,CUST55438,APOTEK SAHABAT,CAB07,Padang,Apotek,TD,BRG0003,AMPICILLIN,BOTOL,VNS,5,DUS,5780.7,IDR
IN6125,2022-01-23,CUST55402,APOTEK TAPAK,CAB01,Aceh,Apotek,TA,BRG0003,AMPICILLIN,BOTOL,MARCKS,13,DUS,10690.6,IDR
IN5980,2022-01-23,CUST55432,APOTEK TAPAK,CAB01,Aceh,Apotek,TA,BRG0003,AMPICILLIN,BOTOL,MARCKS,20,DUS,10690.6,IDR
IN6251,2022-01-23,CUST55387,APOTEK TAPAK,CAB01,Aceh,Apotek,TD,BRG0008,TETRACYCLINE KAPSUL 250 MG,KAPSUL,MARCKS,1,DUS,3991.9,IDR
IN6311,2022-01-23,CUST55426,APOTEK MAJA,CAB02,Kuningan,Apotek,EPM,BRG0007,ERGOTAMINE COFFEINE,BOTOL,ETIKAL,7,DUS,4592.1,IDR
IN6242,2022-01-23,CUST55534,KLINIK SAHABAT,CAB05,Tangerang,Klinik,EPM,BRG0005,KLORPROMAZINA TABLET SALUT SELAPUT 100 MG,TABLET,SLCYL,44,DUS,5648.3,IDR
IN6086,2022-01-23,CUST55408,APOTEK SAHABAT,CAB07,Padang,Apotek,TD,BRG0003,AMPICILLIN,BOTOL,VNS,13,DUS,5780.7,IDR
IN6289,2022-01-23,CUST55492,APOTEK TAPAK,CAB01,Aceh,Apotek,TD,BRG0003,AMPICILLIN,BOTOL,MARCKS,25,DUS,10690.6,IDR
IN6280,2022-01-23,CUST55384,KLINIK SAHABAT,CAB05,Tangerang,Klinik,TD,BRG0005,KLORPROMAZINA TABLET SALUT SELAPUT 100 MG,TABLET,SLCYL,1,DUS,5648.3,IDR
IN6028,2022-01-23,CUST55420,APOTEK MERDEKA,CAB04,Bandung,Apotek,EPM,BRG0001,ACYCLOVIR DUS,DUS,OGB & PH,98,DUS,1169.91,IDR
IN5991,2022-01-23,CUST55414,KLINIK SAHABAT,CAB05,Tangerang,Klinik,TD,BRG0005,KLORPROMAZINA TABLET SALUT SELAPUT 100 MG,TABLET,SLCYL,24,DUS,5648.3,IDR
IN6052,2022-01-23,CUST55385,APOTEK SINAR JAYA,CAB06,Bekasi,Apotek,TA,BRG0006,KETOCONAZOLE TABLET 200 MG,TABLET,OGB & PH,5,DUS,2819.2,IDR
IN6210,2022-01-23,CUST55486,APOTEK MAJA,CAB02,Kuningan,Apotek,TA,BRG0007,ERGOTAMINE COFFEINE,BOTOL,ETIKAL,4,DUS,4592.1,IDR
IN6308,2022-01-23,CUST55516,APOTEK MAJA,CAB02,Kuningan,Apotek,TD,BRG0007,ERGOTAMINE COFFEINE,BOTOL,ETIKAL,67,DUS,4592.1,IDR
IN6307,2022-01-23,CUST55396,APOTEK MAJA,CAB02,Kuningan,Apotek,EPM,BRG0007,ERGOTAMINE COFFEINE,BOTOL,ETIKAL,13,DUS,4592.1,IDR
IN6089,2022-01-25,CUST55386,APOTEK SAHABAT,CAB07,Padang,Apotek,EPM,BRG0007,ERGOTAMINE COFFEINE,BOTOL,ETIKAL,9,DUS,4592.1,IDR
IN6146,2022-01-27,CUST55412,KLINIK GM,CAB03,Jakarta,Klinik,TA,BRG0003,AMPICILLIN,BOTOL,MARCKS,25,DUS,10690.6,IDR
IN6161,2022-01-27,CUST55466,KLINIK SAHABAT,CAB05,Tangerang,Klinik,TA,BRG0001,ACYCLOVIR DUS,DUS,ETIKAL,24,DUS,4592.1,IDR
IN6124,2022-01-27,CUST55442,KLINIK GM,CAB03,Jakarta,Klinik,TA,BRG0003,AMPICILLIN,BOTOL,MARCKS,95,DUS,10690.6,IDR
IN6003,2022-01-27,CUST55424,KLINIK DR. ANDRI,CAB08,Lampung,Klinik,TD,BRG0005,KLORPROMAZINA TABLET SALUT SELAPUT 100 MG,TABLET,SLCYL,9,DUS,5648.3,IDR
IN6238,2022-01-27,CUST55460,APOTEK SINAR JAYA,CAB06,Bekasi,Apotek,EPM,BRG0001,ACYCLOVIR DUS,DUS,OGB & PH,9,DUS,1169.91,IDR
IN6136,2022-01-27,CUST55526,KLINIK SAHABAT,CAB05,Tangerang,Klinik,TD,BRG0001,ACYCLOVIR DUS,DUS,ETIKAL,78,DUS,4592.1,IDR
IN6258,2022-01-27,CUST55484,KLINIK DR. ANDRI,CAB08,Lampung,Klinik,EPM,BRG0005,KLORPROMAZINA TABLET SALUT SELAPUT 100 MG,TABLET,SLCYL,1,DUS,5648.3,IDR
IN6228,2022-01-27,CUST55508,APOTEK MAJA,CAB02,Kuningan,Apotek,TD,BRG0009,AMBROXOL HC,BOTOL,VNS,12,DUS,5780.7,IDR
IN6327,2022-01-27,CUST55448,APOTEK MAJA,CAB02,Kuningan,Apotek,TD,BRG0009,AMBROXOL HC,BOTOL,VNS,25,DUS,5780.7,IDR
IN6173,2022-01-27,CUST55406,KLINIK SAHABAT,CAB05,Tangerang,Klinik,EPM,BRG0001,ACYCLOVIR DUS,DUS,ETIKAL,12,DUS,4592.1,IDR
IN6299,2022-01-27,CUST55514,KLINIK DR. ANDRI,CAB08,Lampung,Klinik,EPM,BRG0005,KLORPROMAZINA TABLET SALUT SELAPUT 100 MG,TABLET,SLCYL,12,DUS,5648.3,IDR
IN6113,2022-01-27,CUST55400,APOTEK SINAR JAYA,CAB06,Bekasi,Apotek,TD,BRG0001,ACYCLOVIR DUS,DUS,OGB & PH,12,DUS,1169.91,IDR
IN6188,2022-01-27,CUST55454,KLINIK DR. ANDRI,CAB08,Lampung,Klinik,TD,BRG0005,KLORPROMAZINA TABLET SALUT SELAPUT 100 MG,TABLET,SLCYL,10,DUS,5648.3,IDR
IN6095,2022-01-27,CUST55478,APOTEK MAJA,CAB02,Kuningan,Apotek,TD,BRG0009,AMBROXOL HC,BOTOL,VNS,5,DUS,5780.7,IDR
IN6131,2022-01-27,CUST55418,APOTEK MAJA,CAB02,Kuningan,Apotek,TD,BRG0009,AMBROXOL HC,BOTOL,VNS,10,DUS,5780.7,IDR
IN6062,2022-01-27,CUST55490,APOTEK SINAR JAYA,CAB06,Bekasi,Apotek,TA,BRG0001,ACYCLOVIR DUS,DUS,OGB & PH,11,DUS,1169.91,IDR
IN6306,2022-01-27,CUST55430,APOTEK SINAR JAYA,CAB06,Bekasi,Apotek,EPM,BRG0001,ACYCLOVIR DUS,DUS,OGB & PH,45,DUS,1169.91,IDR
IN6066,2022-01-27,CUST55538,APOTEK MAJA,CAB02,Kuningan,Apotek,EPM,BRG0009,AMBROXOL HC,BOTOL,VNS,12,DUS,5780.7,IDR
IN6074,2022-01-27,CUST55472,KLINIK GM,CAB03,Jakarta,Klinik,TD,BRG0003,AMPICILLIN,BOTOL,MARCKS,98,DUS,10690.6,IDR
IN6024,2022-01-27,CUST55394,KLINIK DR. ANDRI,CAB08,Lampung,Klinik,TD,BRG0005,KLORPROMAZINA TABLET SALUT SELAPUT 100 MG,TABLET,SLCYL,12,DUS,5648.3,IDR
IN6036,2022-01-27,CUST55388,APOTEK MAJA,CAB02,Kuningan,Apotek,TA,BRG0009,AMBROXOL HC,BOTOL,VNS,23,DUS,5780.7,IDR
IN6058,2022-01-27,CUST55532,KLINIK GM,CAB03,Jakarta,Klinik,TD,BRG0003,AMPICILLIN,BOTOL,MARCKS,34,DUS,10690.6,IDR
IN6219,2022-01-27,CUST55436,KLINIK SAHABAT,CAB05,Tangerang,Klinik,TA,BRG0001,ACYCLOVIR DUS,DUS,ETIKAL,34,DUS,4592.1,IDR
IN6205,2022-01-27,CUST55520,APOTEK SINAR JAYA,CAB06,Bekasi,Apotek,TA,BRG0001,ACYCLOVIR DUS,DUS,OGB & PH,8,DUS,1169.91,IDR
IN6103,2022-01-27,CUST55496,KLINIK SAHABAT,CAB05,Tangerang,Klinik,TA,BRG0001,ACYCLOVIR DUS,DUS,ETIKAL,15,DUS,4592.1,IDR
IN6118,2022-01-27,CUST55502,KLINIK GM,CAB03,Jakarta,Klinik,TD,BRG0003,AMPICILLIN,BOTOL,MARCKS,18,DUS,10690.6,IDR
IN6167,2022-01-28,CUST55491,APOTEK SAHABAT,CAB07,Padang,Apotek,EPM,BRG0002,ALERGINE TABLET SALUT,DUS,ETIKAL,12,DUS,2337.5,IDR
IN6262,2022-01-28,CUST55419,KLINIK GM,CAB03,Jakarta,Klinik,TA,BRG0010,PARACETAMOL,BOTOL,SLCYL,67,DUS,6940.3,IDR
IN6013,2022-01-28,CUST55407,APOTEK SINAR JAYA,CAB06,Bekasi,Apotek,TD,BRG0002,ALERGINE TABLET SALUT,DUS,MARCKS,25,DUS,3991.9,IDR
IN6247,2022-01-28,CUST55425,APOTEK TAPAK,CAB01,Aceh,Apotek,TA,BRG0006,KETOCONAZOLE TABLET 200 MG,TABLET,OGB & PH,10,DUS,2819.2,IDR
IN6303,2022-01-28,CUST55539,KLINIK GM,CAB03,Jakarta,Klinik,TD,BRG0010,PARACETAMOL,BOTOL,SLCYL,95,DUS,6940.3,IDR
IN6246,2022-01-28,CUST55533,APOTEK MERDEKA,CAB04,Bandung,Apotek,TA,BRG0004,TRAMADOL KAPSUL 50 MG,KAPSUL,VNS,34,DUS,8700.7,IDR
IN6253,2022-01-28,CUST55431,APOTEK SAHABAT,CAB07,Padang,Apotek,TD,BRG0002,ALERGINE TABLET SALUT,DUS,ETIKAL,34,DUS,2337.5,IDR
IN6053,2022-01-28,CUST55437,APOTEK SINAR JAYA,CAB06,Bekasi,Apotek,EPM,BRG0002,ALERGINE TABLET SALUT,DUS,MARCKS,44,DUS,3991.9,IDR
IN6141,2022-01-28,CUST55401,APOTEK SAHABAT,CAB07,Padang,Apotek,TD,BRG0002,ALERGINE TABLET SALUT,DUS,ETIKAL,25,DUS,2337.5,IDR
IN6029,2022-01-28,CUST55389,KLINIK GM,CAB03,Jakarta,Klinik,EPM,BRG0010,PARACETAMOL,BOTOL,SLCYL,4,DUS,6940.3,IDR
IN5981,2022-01-28,CUST55443,APOTEK MERDEKA,CAB04,Bandung,Apotek,EPM,BRG0004,TRAMADOL KAPSUL 50 MG,KAPSUL,VNS,76,DUS,8700.7,IDR
IN6199,2022-01-28,CUST55509,KLINIK GM,CAB03,Jakarta,Klinik,TD,BRG0010,PARACETAMOL,BOTOL,SLCYL,25,DUS,6940.3,IDR
IN6119,2022-01-28,CUST55449,KLINIK GM,CAB03,Jakarta,Klinik,TA,BRG0010,PARACETAMOL,BOTOL,SLCYL,13,DUS,6940.3,IDR
IN6314,2022-01-28,CUST55527,APOTEK SINAR JAYA,CAB06,Bekasi,Apotek,TA,BRG0002,ALERGINE TABLET SALUT,DUS,MARCKS,45,DUS,3991.9,IDR
IN6116,2022-01-28,CUST55455,APOTEK TAPAK,CAB01,Aceh,Apotek,TD,BRG0006,KETOCONAZOLE TABLET 200 MG,TABLET,OGB & PH,67,DUS,2819.2,IDR
IN6214,2022-01-28,CUST55461,APOTEK SAHABAT,CAB07,Padang,Apotek,TD,BRG0002,ALERGINE TABLET SALUT,DUS,ETIKAL,21,DUS,2337.5,IDR
IN6162,2022-01-28,CUST55503,APOTEK MERDEKA,CAB04,Bandung,Apotek,TA,BRG0004,TRAMADOL KAPSUL 50 MG,KAPSUL,VNS,12,DUS,8700.7,IDR
IN6292,2022-01-28,CUST55467,APOTEK SINAR JAYA,CAB06,Bekasi,Apotek,EPM,BRG0002,ALERGINE TABLET SALUT,DUS,MARCKS,10,DUS,3991.9,IDR
IN6064,2022-01-28,CUST55515,APOTEK TAPAK,CAB01,Aceh,Apotek,TD,BRG0006,KETOCONAZOLE TABLET 200 MG,TABLET,OGB & PH,10,DUS,2819.2,IDR
IN6200,2022-01-28,CUST55473,APOTEK MERDEKA,CAB04,Bandung,Apotek,TA,BRG0004,TRAMADOL KAPSUL 50 MG,KAPSUL,VNS,5,DUS,8700.7,IDR
IN6184,2022-01-28,CUST55395,APOTEK TAPAK,CAB01,Aceh,Apotek,TA,BRG0006,KETOCONAZOLE TABLET 200 MG,TABLET,OGB & PH,25,DUS,2819.2,IDR
IN6325,2022-01-28,CUST55521,APOTEK SAHABAT,CAB07,Padang,Apotek,EPM,BRG0002,ALERGINE TABLET SALUT,DUS,ETIKAL,9,DUS,2337.5,IDR
IN6049,2022-01-28,CUST55479,KLINIK GM,CAB03,Jakarta,Klinik,TA,BRG0010,PARACETAMOL,BOTOL,SLCYL,9,DUS,6940.3,IDR
IN6172,2022-01-28,CUST55497,APOTEK SINAR JAYA,CAB06,Bekasi,Apotek,EPM,BRG0002,ALERGINE TABLET SALUT,DUS,MARCKS,12,DUS,3991.9,IDR
IN6070,2022-01-28,CUST55485,APOTEK TAPAK,CAB01,Aceh,Apotek,TD,BRG0006,KETOCONAZOLE TABLET 200 MG,TABLET,OGB & PH,23,DUS,2819.2,IDR
IN6230,2022-01-28,CUST55413,APOTEK MERDEKA,CAB04,Bandung,Apotek,EPM,BRG0004,TRAMADOL KAPSUL 50 MG,KAPSUL,VNS,13,DUS,8700.7,IDR
IN6279,2022-01-30,CUST55529,KLINIK DR. ANDRI,CAB08,Lampung,Klinik,TD,BRG0004,TRAMADOL KAPSUL 50 MG,KAPSUL,SLCYL,20,DUS,6940.3,IDR
IN6163,2022-01-30,CUST55421,KLINIK SAHABAT,CAB05,Tangerang,Klinik,TD,BRG0002,ALERGINE TABLET SALUT,DUS,ETIKAL,5,DUS,2337.5,IDR
IN6323,2022-01-30,CUST55439,KLINIK DR. ANDRI,CAB08,Lampung,Klinik,TA,BRG0004,TRAMADOL KAPSUL 50 MG,KAPSUL,SLCYL,6,DUS,6940.3,IDR
IN6008,2022-01-30,CUST55469,KLINIK DR. ANDRI,CAB08,Lampung,Klinik,TA,BRG0004,TRAMADOL KAPSUL 50 MG,KAPSUL,SLCYL,12,DUS,6940.3,IDR
IN6104,2022-01-30,CUST55433,APOTEK MAJA,CAB02,Kuningan,Apotek,EPM,BRG0004,TRAMADOL KAPSUL 50 MG,KAPSUL,VNS,45,DUS,8700.7,IDR
IN5982,2022-01-30,CUST55535,APOTEK SINAR JAYA,CAB06,Bekasi,Apotek,TD,BRG0006,KETOCONAZOLE TABLET 200 MG,TABLET,OGB & PH,5,DUS,2819.2,IDR
IN6176,2022-01-30,CUST55403,APOTEK MAJA,CAB02,Kuningan,Apotek,EPM,BRG0004,TRAMADOL KAPSUL 50 MG,KAPSUL,VNS,17,DUS,8700.7,IDR
IN6281,2022-01-30,CUST55415,APOTEK SINAR JAYA,CAB06,Bekasi,Apotek,TA,BRG0006,KETOCONAZOLE TABLET 200 MG,TABLET,OGB & PH,10,DUS,2819.2,IDR
IN6278,2022-01-30,CUST55499,KLINIK DR. ANDRI,CAB08,Lampung,Klinik,TD,BRG0004,TRAMADOL KAPSUL 50 MG,KAPSUL,SLCYL,13,DUS,6940.3,IDR
IN6208,2022-01-30,CUST55475,APOTEK SINAR JAYA,CAB06,Bekasi,Apotek,TD,BRG0006,KETOCONAZOLE TABLET 200 MG,TABLET,OGB & PH,8,DUS,2819.2,IDR
IN6305,2022-01-30,CUST55493,APOTEK MAJA,CAB02,Kuningan,Apotek,TA,BRG0004,TRAMADOL KAPSUL 50 MG,KAPSUL,VNS,13,DUS,8700.7,IDR
IN6083,2022-01-30,CUST55487,KLINIK GM,CAB03,Jakarta,Klinik,EPM,BRG0008,TETRACYCLINE KAPSUL 250 MG,KAPSUL,MARCKS,2,DUS,3991.9,IDR
IN6248,2022-01-30,CUST55427,KLINIK GM,CAB03,Jakarta,Klinik,TD,BRG0008,TETRACYCLINE KAPSUL 250 MG,KAPSUL,MARCKS,100,DUS,3991.9,IDR
IN6245,2022-01-30,CUST55397,KLINIK GM,CAB03,Jakarta,Klinik,TD,BRG0008,TETRACYCLINE KAPSUL 250 MG,KAPSUL,MARCKS,34,DUS,3991.9,IDR
IN6287,2022-01-30,CUST55391,KLINIK SAHABAT,CAB05,Tangerang,Klinik,TD,BRG0002,ALERGINE TABLET SALUT,DUS,ETIKAL,17,DUS,2337.5,IDR
IN6038,2022-01-30,CUST55517,KLINIK GM,CAB03,Jakarta,Klinik,TA,BRG0008,TETRACYCLINE KAPSUL 250 MG,KAPSUL,MARCKS,98,DUS,3991.9,IDR
IN6235,2022-01-30,CUST55451,KLINIK SAHABAT,CAB05,Tangerang,Klinik,TD,BRG0002,ALERGINE TABLET SALUT,DUS,ETIKAL,10,DUS,2337.5,IDR
IN6099,2022-01-30,CUST55457,KLINIK GM,CAB03,Jakarta,Klinik,EPM,BRG0008,TETRACYCLINE KAPSUL 250 MG,KAPSUL,MARCKS,5,DUS,3991.9,IDR
IN6170,2022-01-30,CUST55505,APOTEK SINAR JAYA,CAB06,Bekasi,Apotek,TD,BRG0006,KETOCONAZOLE TABLET 200 MG,TABLET,OGB & PH,13,DUS,2819.2,IDR
IN6122,2022-01-30,CUST55445,APOTEK SINAR JAYA,CAB06,Bekasi,Apotek,TD,BRG0006,KETOCONAZOLE TABLET 200 MG,TABLET,OGB & PH,21,DUS,2819.2,IDR
IN6107,2022-01-30,CUST55511,KLINIK SAHABAT,CAB05,Tangerang,Klinik,EPM,BRG0002,ALERGINE TABLET SALUT,DUS,ETIKAL,24,DUS,2337.5,IDR
IN6276,2022-01-30,CUST55481,KLINIK SAHABAT,CAB05,Tangerang,Klinik,TD,BRG0002,ALERGINE TABLET SALUT,DUS,ETIKAL,1,DUS,2337.5,IDR
IN6108,2022-01-30,CUST55409,KLINIK DR. ANDRI,CAB08,Lampung,Klinik,TA,BRG0004,TRAMADOL KAPSUL 50 MG,KAPSUL,SLCYL,21,DUS,6940.3,IDR
IN6256,2022-01-30,CUST55463,APOTEK MAJA,CAB02,Kuningan,Apotek,TA,BRG0004,TRAMADOL KAPSUL 50 MG,KAPSUL,VNS,12,DUS,8700.7,IDR
IN6240,2022-01-30,CUST55541,KLINIK SAHABAT,CAB05,Tangerang,Klinik,EPM,BRG0002,ALERGINE TABLET SALUT,DUS,ETIKAL,48,DUS,2337.5,IDR
IN6025,2022-01-30,CUST55523,APOTEK MAJA,CAB02,Kuningan,Apotek,TA,BRG0004,TRAMADOL KAPSUL 50 MG,KAPSUL,VNS,7,DUS,8700.7,IDR
IN6152,2022-01-31,CUST55512,APOTEK SINAR JAYA,CAB06,Bekasi,Apotek,TD,BRG0003,AMPICILLIN,BOTOL,MARCKS,10,DUS,10690.6,IDR
IN6102,2022-01-31,CUST55392,APOTEK SINAR JAYA,CAB06,Bekasi,Apotek,TA,BRG0003,AMPICILLIN,BOTOL,MARCKS,11,DUS,10690.6,IDR
IN6195,2022-01-31,CUST55398,APOTEK MERDEKA,CAB04,Bandung,Apotek,TA,BRG0009,AMBROXOL HC,BOTOL,VNS,67,DUS,5780.7,IDR
IN6175,2022-01-31,CUST55404,KLINIK GM,CAB03,Jakarta,Klinik,TD,BRG0005,KLORPROMAZINA TABLET SALUT SELAPUT 100 MG,TABLET,SLCYL,18,DUS,5648.3,IDR
IN6321,2022-01-31,CUST55410,APOTEK TAPAK,CAB01,Aceh,Apotek,EPM,BRG0001,ACYCLOVIR DUS,DUS,OGB & PH,21,DUS,1169.91,IDR
IN6226,2022-01-31,CUST55416,APOTEK SAHABAT,CAB07,Padang,Apotek,EPM,BRG0007,ERGOTAMINE COFFEINE,BOTOL,ETIKAL,23,DUS,4592.1,IDR
IN6191,2022-01-31,CUST55422,APOTEK SINAR JAYA,CAB06,Bekasi,Apotek,TA,BRG0003,AMPICILLIN,BOTOL,MARCKS,4,DUS,10690.6,IDR
IN6042,2022-01-31,CUST55428,APOTEK MERDEKA,CAB04,Bandung,Apotek,TD,BRG0009,AMBROXOL HC,BOTOL,VNS,67,DUS,5780.7,IDR
IN6050,2022-01-31,CUST55434,KLINIK GM,CAB03,Jakarta,Klinik,TD,BRG0005,KLORPROMAZINA TABLET SALUT SELAPUT 100 MG,TABLET,SLCYL,34,DUS,5648.3,IDR
IN6241,2022-01-31,CUST55440,APOTEK TAPAK,CAB01,Aceh,Apotek,EPM,BRG0001,ACYCLOVIR DUS,DUS,OGB & PH,79,DUS,1169.91,IDR
IN6255,2022-01-31,CUST55446,APOTEK SAHABAT,CAB07,Padang,Apotek,TA,BRG0007,ERGOTAMINE COFFEINE,BOTOL,ETIKAL,21,DUS,4592.1,IDR
IN6263,2022-01-31,CUST55452,APOTEK SINAR JAYA,CAB06,Bekasi,Apotek,TA,BRG0003,AMPICILLIN,BOTOL,MARCKS,130,DUS,10690.6,IDR
IN6326,2022-01-31,CUST55458,APOTEK MERDEKA,CAB04,Bandung,Apotek,TD,BRG0009,AMBROXOL HC,BOTOL,VNS,4,DUS,5780.7,IDR
IN6048,2022-01-31,CUST55464,KLINIK GM,CAB03,Jakarta,Klinik,EPM,BRG0005,KLORPROMAZINA TABLET SALUT SELAPUT 100 MG,TABLET,SLCYL,25,DUS,5648.3,IDR
IN6040,2022-01-31,CUST55470,APOTEK TAPAK,CAB01,Aceh,Apotek,EPM,BRG0001,ACYCLOVIR DUS,DUS,OGB & PH,10,DUS,1169.91,IDR
IN6148,2022-01-31,CUST55476,APOTEK SAHABAT,CAB07,Padang,Apotek,TA,BRG0007,ERGOTAMINE COFFEINE,BOTOL,ETIKAL,9,DUS,4592.1,IDR
IN6015,2022-01-31,CUST55482,APOTEK SINAR JAYA,CAB06,Bekasi,Apotek,TD,BRG0003,AMPICILLIN,BOTOL,MARCKS,5,DUS,10690.6,IDR
IN6322,2022-01-31,CUST55488,APOTEK MERDEKA,CAB04,Bandung,Apotek,TD,BRG0009,AMBROXOL HC,BOTOL,VNS,17,DUS,5780.7,IDR
IN6079,2022-01-31,CUST55494,KLINIK GM,CAB03,Jakarta,Klinik,EPM,BRG0005,KLORPROMAZINA TABLET SALUT SELAPUT 100 MG,TABLET,SLCYL,34,DUS,5648.3,IDR
IN6186,2022-01-31,CUST55500,APOTEK TAPAK,CAB01,Aceh,Apotek,TA,BRG0001,ACYCLOVIR DUS,DUS,OGB & PH,17,DUS,1169.91,IDR
IN6045,2022-01-31,CUST55506,APOTEK SAHABAT,CAB07,Padang,Apotek,TA,BRG0007,ERGOTAMINE COFFEINE,BOTOL,ETIKAL,21,DUS,4592.1,IDR
IN6130,2022-01-31,CUST55518,APOTEK MERDEKA,CAB04,Bandung,Apotek,EPM,BRG0009,AMBROXOL HC,BOTOL,VNS,5,DUS,5780.7,IDR
IN6203,2022-01-31,CUST55524,KLINIK GM,CAB03,Jakarta,Klinik,EPM,BRG0005,KLORPROMAZINA TABLET SALUT SELAPUT 100 MG,TABLET,SLCYL,100,DUS,5648.3,IDR
IN6196,2022-01-31,CUST55530,APOTEK TAPAK,CAB01,Aceh,Apotek,TA,BRG0001,ACYCLOVIR DUS,DUS,OGB & PH,45,DUS,1169.91,IDR
IN6068,2022-01-31,CUST55536,APOTEK SAHABAT,CAB07,Padang,Apotek,TD,BRG0007,ERGOTAMINE COFFEINE,BOTOL,ETIKAL,6,DUS,4592.1,IDR
IN6244,2022-01-31,CUST55542,APOTEK SINAR JAYA,CAB06,Bekasi,Apotek,TD,BRG0003,AMPICILLIN,BOTOL,MARCKS,21,DUS,10690.6,IDR
IN6017,2022-02-01,CUST55513,APOTEK SAHABAT,CAB07,Padang,Apotek,TA,BRG0004,TRAMADOL KAPSUL 50 MG,KAPSUL,VNS,23,DUS,8700.7,IDR
IN6293,2022-02-01,CUST55519,KLINIK SAHABAT,CAB05,Tangerang,Klinik,TD,BRG0010,PARACETAMOL,BOTOL,SLCYL,4,DUS,6940.3,IDR
IN6185,2022-02-01,CUST55483,APOTEK SAHABAT,CAB07,Padang,Apotek,TA,BRG0004,TRAMADOL KAPSUL 50 MG,KAPSUL,VNS,9,DUS,8700.7,IDR
IN6072,2022-02-01,CUST55477,APOTEK TAPAK,CAB01,Aceh,Apotek,EPM,BRG0008,TETRACYCLINE KAPSUL 250 MG,KAPSUL,MARCKS,1,DUS,3991.9,IDR
IN6084,2022-02-01,CUST55471,APOTEK MAJA,CAB02,Kuningan,Apotek,TD,BRG0002,ALERGINE TABLET SALUT,DUS,ETIKAL,67,DUS,2337.5,IDR
IN6120,2022-02-01,CUST55465,APOTEK MERDEKA,CAB04,Bandung,Apotek,TD,BRG0006,KETOCONAZOLE TABLET 200 MG,TABLET,OGB & PH,13,DUS,2819.2,IDR
IN6291,2022-02-01,CUST55489,KLINIK SAHABAT,CAB05,Tangerang,Klinik,TD,BRG0010,PARACETAMOL,BOTOL,SLCYL,11,DUS,6940.3,IDR
IN6243,2022-02-01,CUST55525,APOTEK MERDEKA,CAB04,Bandung,Apotek,TD,BRG0006,KETOCONAZOLE TABLET 200 MG,TABLET,OGB & PH,67,DUS,2819.2,IDR
IN6267,2022-02-01,CUST55459,KLINIK SAHABAT,CAB05,Tangerang,Klinik,TA,BRG0010,PARACETAMOL,BOTOL,SLCYL,8,DUS,6940.3,IDR
IN6269,2022-02-01,CUST55453,APOTEK SAHABAT,CAB07,Padang,Apotek,EPM,BRG0004,TRAMADOL KAPSUL 50 MG,KAPSUL,VNS,12,DUS,8700.7,IDR
IN6005,2022-02-01,CUST55447,APOTEK TAPAK,CAB01,Aceh,Apotek,EPM,BRG0008,TETRACYCLINE KAPSUL 250 MG,KAPSUL,MARCKS,12,DUS,3991.9,IDR
IN6134,2022-02-01,CUST55441,APOTEK MAJA,CAB02,Kuningan,Apotek,TD,BRG0002,ALERGINE TABLET SALUT,DUS,ETIKAL,12,DUS,2337.5,IDR
IN6320,2022-02-01,CUST55495,APOTEK MERDEKA,CAB04,Bandung,Apotek,TD,BRG0006,KETOCONAZOLE TABLET 200 MG,TABLET,OGB & PH,67,DUS,2819.2,IDR
IN6266,2022-02-01,CUST55531,APOTEK MAJA,CAB02,Kuningan,Apotek,EPM,BRG0002,ALERGINE TABLET SALUT,DUS,ETIKAL,34,DUS,2337.5,IDR
IN6054,2022-02-01,CUST55435,APOTEK MERDEKA,CAB04,Bandung,Apotek,TD,BRG0006,KETOCONAZOLE TABLET 200 MG,TABLET,OGB & PH,34,DUS,2819.2,IDR
IN6133,2022-02-01,CUST55429,KLINIK SAHABAT,CAB05,Tangerang,Klinik,TA,BRG0010,PARACETAMOL,BOTOL,SLCYL,78,DUS,6940.3,IDR
IN6274,2022-02-01,CUST55423,APOTEK SAHABAT,CAB07,Padang,Apotek,EPM,BRG0004,TRAMADOL KAPSUL 50 MG,KAPSUL,VNS,8,DUS,8700.7,IDR
IN6063,2022-02-01,CUST55417,APOTEK TAPAK,CAB01,Aceh,Apotek,TD,BRG0008,TETRACYCLINE KAPSUL 250 MG,KAPSUL,MARCKS,12,DUS,3991.9,IDR
IN6211,2022-02-01,CUST55501,APOTEK MAJA,CAB02,Kuningan,Apotek,EPM,BRG0002,ALERGINE TABLET SALUT,DUS,ETIKAL,18,DUS,2337.5,IDR
IN6128,2022-02-01,CUST55537,APOTEK TAPAK,CAB01,Aceh,Apotek,TA,BRG0008,TETRACYCLINE KAPSUL 250 MG,KAPSUL,MARCKS,79,DUS,3991.9,IDR
IN5994,2022-02-01,CUST55411,APOTEK MAJA,CAB02,Kuningan,Apotek,TD,BRG0002,ALERGINE TABLET SALUT,DUS,ETIKAL,12,DUS,2337.5,IDR
IN6259,2022-02-01,CUST55405,APOTEK MERDEKA,CAB04,Bandung,Apotek,TA,BRG0006,KETOCONAZOLE TABLET 200 MG,TABLET,OGB & PH,18,DUS,2819.2,IDR
IN6023,2022-02-01,CUST55399,KLINIK SAHABAT,CAB05,Tangerang,Klinik,EPM,BRG0010,PARACETAMOL,BOTOL,SLCYL,15,DUS,6940.3,IDR
IN6301,2022-02-01,CUST55393,APOTEK SAHABAT,CAB07,Padang,Apotek,EPM,BRG0004,TRAMADOL KAPSUL 50 MG,KAPSUL,VNS,11,DUS,8700.7,IDR
IN6300,2022-02-01,CUST55507,APOTEK TAPAK,CAB01,Aceh,Apotek,EPM,BRG0008,TETRACYCLINE KAPSUL 250 MG,KAPSUL,MARCKS,21,DUS,3991.9,IDR
IN6060,2022-02-01,CUST55543,APOTEK SAHABAT,CAB07,Padang,Apotek,TD,BRG0004,TRAMADOL KAPSUL 50 MG,KAPSUL,VNS,21,DUS,8700.7,IDR
IN6254,2022-02-02,CUST55544,KLINIK DR. ANDRI,CAB08,Lampung,Klinik,TA,BRG0005,KLORPROMAZINA TABLET SALUT SELAPUT 100 MG,TABLET,SLCYL,12,DUS,5648.3,IDR
IN6171,2022-02-03,CUST55545,APOTEK TAPAK,CAB01,Aceh,Apotek,EPM,BRG0006,KETOCONAZOLE TABLET 200 MG,TABLET,OGB & PH,25,DUS,2819.2,IDR
IN6002,2022-02-04,CUST55546,APOTEK MAJA,CAB02,Kuningan,Apotek,TD,BRG0007,ERGOTAMINE COFFEINE,BOTOL,ETIKAL,13,DUS,4592.1,IDR
IN6261,2022-02-05,CUST55547,KLINIK GM,CAB03,Jakarta,Klinik,TA,BRG0008,TETRACYCLINE KAPSUL 250 MG,KAPSUL,MARCKS,24,DUS,3991.9,IDR
IN6088,2022-02-06,CUST55548,APOTEK MERDEKA,CAB04,Bandung,Apotek,EPM,BRG0009,AMBROXOL HC,BOTOL,VNS,10,DUS,5780.7,IDR
IN6181,2022-02-07,CUST55549,KLINIK SAHABAT,CAB05,Tangerang,Klinik,TD,BRG0010,PARACETAMOL,BOTOL,SLCYL,130,DUS,6940.3,IDR
IN6135,2022-02-08,CUST55550,APOTEK SINAR JAYA,CAB06,Bekasi,Apotek,TA,BRG0001,ACYCLOVIR DUS,DUS,OGB & PH,12,DUS,1169.91,IDR
IN5988,2022-02-09,CUST55551,APOTEK SAHABAT,CAB07,Padang,Apotek,EPM,BRG0002,ALERGINE TABLET SALUT,DUS,ETIKAL,10,DUS,2337.5,IDR
IN6234,2022-02-10,CUST55552,APOTEK TAPAK,CAB01,Aceh,Apotek,TD,BRG0003,AMPICILLIN,BOTOL,MARCKS,67,DUS,10690.6,IDR
IN6319,2022-02-11,CUST55553,APOTEK MAJA,CAB02,Kuningan,Apotek,TD,BRG0004,TRAMADOL KAPSUL 50 MG,KAPSUL,VNS,98,DUS,8700.7,IDR
IN6006,2022-02-12,CUST55554,KLINIK GM,CAB03,Jakarta,Klinik,TA,BRG0005,KLORPROMAZINA TABLET SALUT SELAPUT 100 MG,TABLET,SLCYL,5,DUS,5648.3,IDR
IN6147,2022-02-13,CUST55555,APOTEK MERDEKA,CAB04,Bandung,Apotek,EPM,BRG0006,KETOCONAZOLE TABLET 200 MG,TABLET,OGB & PH,4,DUS,2819.2,IDR
IN6129,2022-02-14,CUST55556,KLINIK SAHABAT,CAB05,Tangerang,Klinik,TD,BRG0001,ACYCLOVIR DUS,DUS,ETIKAL,8,DUS,4592.1,IDR
IN5986,2022-02-15,CUST55557,APOTEK SINAR JAYA,CAB06,Bekasi,Apotek,TA,BRG0002,ALERGINE TABLET SALUT,DUS,MARCKS,9,DUS,3991.9,IDR
IN6026,2022-02-16,CUST55558,APOTEK SAHABAT,CAB07,Padang,Apotek,EPM,BRG0003,AMPICILLIN,BOTOL,VNS,21,DUS,5780.7,IDR
IN6224,2022-02-17,CUST55559,KLINIK DR. ANDRI,CAB08,Lampung,Klinik,TD,BRG0004,TRAMADOL KAPSUL 50 MG,KAPSUL,SLCYL,21,DUS,6940.3,IDR
IN6087,2022-02-18,CUST55560,APOTEK TAPAK,CAB01,Aceh,Apotek,TA,BRG0001,ACYCLOVIR DUS,DUS,OGB & PH,12,DUS,1169.91,IDR
IN6096,2022-02-19,CUST55561,APOTEK MAJA,CAB02,Kuningan,Apotek,EPM,BRG0002,ALERGINE TABLET SALUT,DUS,ETIKAL,25,DUS,2337.5,IDR
IN6034,2022-02-20,CUST55562,KLINIK GM,CAB03,Jakarta,Klinik,TD,BRG0003,AMPICILLIN,BOTOL,MARCKS,13,DUS,10690.6,IDR
IN6231,2022-02-21,CUST55563,APOTEK MERDEKA,CAB04,Bandung,Apotek,TD,BRG0004,TRAMADOL KAPSUL 50 MG,KAPSUL,VNS,24,DUS,8700.7,IDR
IN6260,2022-02-22,CUST55564,KLINIK SAHABAT,CAB05,Tangerang,Klinik,TA,BRG0005,KLORPROMAZINA TABLET SALUT SELAPUT 100 MG,TABLET,SLCYL,10,DUS,5648.3,IDR
IN6302,2022-02-23,CUST55565,APOTEK SINAR JAYA,CAB06,Bekasi,Apotek,EPM,BRG0006,KETOCONAZOLE TABLET 200 MG,TABLET,OGB & PH,120,DUS,2819.2,IDR
IN6061,2022-02-24,CUST55566,APOTEK SAHABAT,CAB07,Padang,Apotek,TD,BRG0007,ERGOTAMINE COFFEINE,BOTOL,ETIKAL,12,DUS,4592.1,IDR
IN6011,2022-02-25,CUST55567,APOTEK TAPAK,CAB01,Aceh,Apotek,TA,BRG0008,TETRACYCLINE KAPSUL 250 MG,KAPSUL,MARCKS,10,DUS,3991.9,IDR
IN6275,2022-02-26,CUST55568,APOTEK MAJA,CAB02,Kuningan,Apotek,EPM,BRG0009,AMBROXOL HC,BOTOL,VNS,67,DUS,5780.7,IDR
IN6114,2022-02-27,CUST55569,KLINIK GM,CAB03,Jakarta,Klinik,TD,BRG0010,PARACETAMOL,BOTOL,SLCYL,98,DUS,6940.3,IDR
IN6041,2022-02-28,CUST55570,APOTEK MERDEKA,CAB04,Bandung,Apotek,TD,BRG0001,ACYCLOVIR DUS,DUS,OGB & PH,5,DUS,1169.91,IDR
IN6069,2022-03-01,CUST55571,KLINIK SAHABAT,CAB05,Tangerang,Klinik,TA,BRG0002,ALERGINE TABLET SALUT,DUS,ETIKAL,4,DUS,2337.5,IDR
IN6239,2022-03-02,CUST55572,APOTEK SINAR JAYA,CAB06,Bekasi,Apotek,EPM,BRG0003,AMPICILLIN,BOTOL,MARCKS,8,DUS,10690.6,IDR
IN6137,2022-03-03,CUST55573,APOTEK SAHABAT,CAB07,Padang,Apotek,TD,BRG0004,TRAMADOL KAPSUL 50 MG,KAPSUL,VNS,9,DUS,8700.7,IDR
IN6189,2022-03-04,CUST55574,KLINIK DR. ANDRI,CAB08,Lampung,Klinik,TA,BRG0005,KLORPROMAZINA TABLET SALUT SELAPUT 100 MG,TABLET,SLCYL,1,DUS,5648.3,IDR
IN6229,2022-03-05,CUST55575,APOTEK TAPAK,CAB01,Aceh,Apotek,EPM,BRG0006,KETOCONAZOLE TABLET 200 MG,TABLET,OGB & PH,5,DUS,2819.2,IDR
IN6110,2022-03-06,CUST55576,APOTEK MAJA,CAB02,Kuningan,Apotek,TD,BRG0007,ERGOTAMINE COFFEINE,BOTOL,ETIKAL,9,DUS,4592.1,IDR
IN6182,2022-03-07,CUST55577,KLINIK GM,CAB03,Jakarta,Klinik,TA,BRG0008,TETRACYCLINE KAPSUL 250 MG,KAPSUL,MARCKS,13,DUS,3991.9,IDR
IN6164,2022-03-08,CUST55578,APOTEK MERDEKA,CAB04,Bandung,Apotek,EPM,BRG0009,AMBROXOL HC,BOTOL,VNS,1,DUS,5780.7,IDR
IN6016,2022-03-09,CUST55579,KLINIK SAHABAT,CAB05,Tangerang,Klinik,TD,BRG0010,PARACETAMOL,BOTOL,SLCYL,5,DUS,6940.3,IDR
IN6043,2022-03-10,CUST55580,APOTEK SINAR JAYA,CAB06,Bekasi,Apotek,TD,BRG0001,ACYCLOVIR DUS,DUS,OGB & PH,9,DUS,1169.91,IDR
IN6020,2022-03-11,CUST55581,APOTEK SAHABAT,CAB07,Padang,Apotek,TA,BRG0002,ALERGINE TABLET SALUT,DUS,ETIKAL,1,DUS,2337.5,IDR
IN6206,2022-03-12,CUST55582,APOTEK TAPAK,CAB01,Aceh,Apotek,EPM,BRG0003,AMPICILLIN,BOTOL,MARCKS,23,DUS,10690.6,IDR
IN6055,2022-03-13,CUST55583,APOTEK MAJA,CAB02,Kuningan,Apotek,TD,BRG0004,TRAMADOL KAPSUL 50 MG,KAPSUL,VNS,4,DUS,8700.7,IDR
IN6092,2022-03-14,CUST55584,KLINIK GM,CAB03,Jakarta,Klinik,TA,BRG0005,KLORPROMAZINA TABLET SALUT SELAPUT 100 MG,TABLET,SLCYL,2,DUS,5648.3,IDR
IN6177,2022-03-15,CUST55585,APOTEK MERDEKA,CAB04,Bandung,Apotek,EPM,BRG0006,KETOCONAZOLE TABLET 200 MG,TABLET,OGB & PH,17,DUS,2819.2,IDR
IN6209,2022-03-16,CUST55586,KLINIK SAHABAT,CAB05,Tangerang,Klinik,TD,BRG0001,ACYCLOVIR DUS,DUS,ETIKAL,11,DUS,4592.1,IDR
IN6250,2022-03-17,CUST55587,APOTEK SINAR JAYA,CAB06,Bekasi,Apotek,TA,BRG0002,ALERGINE TABLET SALUT,DUS,MARCKS,11,DUS,3991.9,IDR
IN6193,2022-03-18,CUST55588,APOTEK SAHABAT,CAB07,Padang,Apotek,EPM,BRG0003,AMPICILLIN,BOTOL,VNS,12,DUS,5780.7,IDR
IN6081,2022-03-19,CUST55589,KLINIK DR. ANDRI,CAB08,Lampung,Klinik,TD,BRG0004,TRAMADOL KAPSUL 50 MG,KAPSUL,SLCYL,25,DUS,6940.3,IDR
IN6149,2022-03-20,CUST55590,APOTEK TAPAK,CAB01,Aceh,Apotek,TD,BRG0001,ACYCLOVIR DUS,DUS,OGB & PH,13,DUS,1169.91,IDR
IN6014,2022-03-21,CUST55591,APOTEK MAJA,CAB02,Kuningan,Apotek,TA,BRG0002,ALERGINE TABLET SALUT,DUS,ETIKAL,34,DUS,2337.5,IDR
IN6290,2022-03-22,CUST55592,KLINIK GM,CAB03,Jakarta,Klinik,EPM,BRG0003,AMPICILLIN,BOTOL,MARCKS,67,DUS,10690.6,IDR
IN6051,2022-03-23,CUST55593,APOTEK MERDEKA,CAB04,Bandung,Apotek,TD,BRG0004,TRAMADOL KAPSUL 50 MG,KAPSUL,VNS,15,DUS,8700.7,IDR
IN6076,2022-03-24,CUST55594,KLINIK SAHABAT,CAB05,Tangerang,Klinik,TA,BRG0005,KLORPROMAZINA TABLET SALUT SELAPUT 100 MG,TABLET,SLCYL,12,DUS,5648.3,IDR
IN6140,2022-03-25,CUST55595,APOTEK SINAR JAYA,CAB06,Bekasi,Apotek,EPM,BRG0006,KETOCONAZOLE TABLET 200 MG,TABLET,OGB & PH,25,DUS,2819.2,IDR
IN6080,2022-03-26,CUST55596,APOTEK SAHABAT,CAB07,Padang,Apotek,TD,BRG0007,ERGOTAMINE COFFEINE,BOTOL,ETIKAL,13,DUS,4592.1,IDR
IN6153,2022-03-27,CUST55597,APOTEK TAPAK,CAB01,Aceh,Apotek,TD,BRG0008,TETRACYCLINE KAPSUL 250 MG,KAPSUL,MARCKS,17,DUS,3991.9,IDR
IN5979,2022-03-28,CUST55598,APOTEK MAJA,CAB02,Kuningan,Apotek,TA,BRG0009,AMBROXOL HC,BOTOL,VNS,18,DUS,5780.7,IDR
IN6098,2022-03-29,CUST55599,KLINIK GM,CAB03,Jakarta,Klinik,EPM,BRG0010,PARACETAMOL,BOTOL,SLCYL,18,DUS,6940.3,IDR
IN6078,2022-03-30,CUST55600,APOTEK MERDEKA,CAB04,Bandung,Apotek,TD,BRG0001,ACYCLOVIR DUS,DUS,OGB & PH,12,DUS,1169.91,IDR
IN6085,2022-03-31,CUST55601,KLINIK SAHABAT,CAB05,Tangerang,Klinik,TA,BRG0002,ALERGINE TABLET SALUT,DUS,ETIKAL,25,DUS,2337.5,IDR
IN6018,2022-04-01,CUST55602,APOTEK SINAR JAYA,CAB06,Bekasi,Apotek,EPM,BRG0003,AMPICILLIN,BOTOL,MARCKS,13,DUS,10690.6,IDR
IN6001,2022-04-02,CUST55603,APOTEK SAHABAT,CAB07,Padang,Apotek,TD,BRG0004,TRAMADOL KAPSUL 50 MG,KAPSUL,VNS,21,DUS,8700.7,IDR
IN6271,2022-04-03,CUST55604,KLINIK DR. ANDRI,CAB08,Lampung,Klinik,TA,BRG0005,KLORPROMAZINA TABLET SALUT SELAPUT 100 MG,TABLET,SLCYL,21,DUS,5648.3,IDR
IN6207,2022-04-04,CUST55605,APOTEK TAPAK,CAB01,Aceh,Apotek,EPM,BRG0006,KETOCONAZOLE TABLET 200 MG,TABLET,OGB & PH,12,DUS,2819.2,IDR
IN6187,2022-04-05,CUST55606,APOTEK MAJA,CAB02,Kuningan,Apotek,TD,BRG0007,ERGOTAMINE COFFEINE,BOTOL,ETIKAL,25,DUS,4592.1,IDR
IN5995,2022-04-06,CUST55607,KLINIK GM,CAB03,Jakarta,Klinik,TD,BRG0008,TETRACYCLINE KAPSUL 250 MG,KAPSUL,MARCKS,13,DUS,3991.9,IDR
IN6156,2022-04-07,CUST55608,APOTEK MERDEKA,CAB04,Bandung,Apotek,TA,BRG0009,AMBROXOL HC,BOTOL,VNS,24,DUS,5780.7,IDR
IN6232,2022-04-08,CUST55609,KLINIK SAHABAT,CAB05,Tangerang,Klinik,EPM,BRG0010,PARACETAMOL,BOTOL,SLCYL,10,DUS,6940.3,IDR
IN5998,2022-04-09,CUST55610,APOTEK SINAR JAYA,CAB06,Bekasi,Apotek,TD,BRG0001,ACYCLOVIR DUS,DUS,OGB & PH,23,DUS,1169.91,IDR
IN6227,2022-04-10,CUST55611,APOTEK SAHABAT,CAB07,Padang,Apotek,TA,BRG0002,ALERGINE TABLET SALUT,DUS,ETIKAL,12,DUS,2337.5,IDR
IN6027,2022-04-11,CUST55612,APOTEK TAPAK,CAB01,Aceh,Apotek,EPM,BRG0003,AMPICILLIN,BOTOL,MARCKS,10,DUS,10690.6,IDR
IN6157,2022-04-12,CUST55613,APOTEK MAJA,CAB02,Kuningan,Apotek,TD,BRG0004,TRAMADOL KAPSUL 50 MG,KAPSUL,VNS,67,DUS,8700.7,IDR
IN6180,2022-04-13,CUST55614,KLINIK GM,CAB03,Jakarta,Klinik,TA,BRG0005,KLORPROMAZINA TABLET SALUT SELAPUT 100 MG,TABLET,SLCYL,98,DUS,5648.3,IDR
IN6257,2022-04-14,CUST55615,APOTEK MERDEKA,CAB04,Bandung,Apotek,EPM,BRG0006,KETOCONAZOLE TABLET 200 MG,TABLET,OGB & PH,5,DUS,2819.2,IDR
IN6031,2022-04-15,CUST55616,KLINIK SAHABAT,CAB05,Tangerang,Klinik,TD,BRG0001,ACYCLOVIR DUS,DUS,ETIKAL,4,DUS,4592.1,IDR
IN6075,2022-04-16,CUST55638,APOTEK MERDEKA,CAB04,Bandung,Apotek,TA,BRG0009,AMBROXOL HC,BOTOL,VNS,48,DUS,5780.7,IDR
IN6082,2022-04-16,CUST55617,APOTEK SINAR JAYA,CAB06,Bekasi,Apotek,TD,BRG0002,ALERGINE TABLET SALUT,DUS,MARCKS,8,DUS,3991.9,IDR
IN6218,2022-04-17,CUST55639,KLINIK SAHABAT,CAB05,Tangerang,Klinik,EPM,BRG0010,PARACETAMOL,BOTOL,SLCYL,21,DUS,6940.3,IDR
IN6174,2022-04-17,CUST55618,APOTEK SAHABAT,CAB07,Padang,Apotek,TA,BRG0003,AMPICILLIN,BOTOL,VNS,9,DUS,5780.7,IDR
IN6138,2022-04-18,CUST55661,KLINIK SAHABAT,CAB05,Tangerang,Klinik,TD,BRG0002,ALERGINE TABLET SALUT,DUS,ETIKAL,10,DUS,2337.5,IDR
IN5985,2022-04-18,CUST55640,APOTEK SINAR JAYA,CAB06,Bekasi,Apotek,TD,BRG0001,ACYCLOVIR DUS,DUS,OGB & PH,21,DUS,1169.91,IDR
IN6194,2022-04-18,CUST55658,APOTEK MAJA,CAB02,Kuningan,Apotek,TA,BRG0009,AMBROXOL HC,BOTOL,VNS,25,DUS,5780.7,IDR
IN6237,2022-04-18,CUST55619,KLINIK DR. ANDRI,CAB08,Lampung,Klinik,EPM,BRG0004,TRAMADOL KAPSUL 50 MG,KAPSUL,SLCYL,10,DUS,6940.3,IDR
IN5987,2022-04-19,CUST55659,KLINIK GM,CAB03,Jakarta,Klinik,EPM,BRG0010,PARACETAMOL,BOTOL,SLCYL,13,DUS,6940.3,IDR
IN6021,2022-04-19,CUST55620,APOTEK TAPAK,CAB01,Aceh,Apotek,TD,BRG0001,ACYCLOVIR DUS,DUS,OGB & PH,7,DUS,1169.91,IDR
IN6316,2022-04-19,CUST55662,APOTEK SINAR JAYA,CAB06,Bekasi,Apotek,TA,BRG0003,AMPICILLIN,BOTOL,MARCKS,120,DUS,10690.6,IDR
IN6154,2022-04-19,CUST55641,APOTEK SAHABAT,CAB07,Padang,Apotek,TA,BRG0002,ALERGINE TABLET SALUT,DUS,ETIKAL,12,DUS,2337.5,IDR
IN6145,2022-04-20,CUST55642,APOTEK TAPAK,CAB01,Aceh,Apotek,EPM,BRG0003,AMPICILLIN,BOTOL,MARCKS,25,DUS,10690.6,IDR
IN6019,2022-04-20,CUST55663,APOTEK SAHABAT,CAB07,Padang,Apotek,EPM,BRG0004,TRAMADOL KAPSUL 50 MG,KAPSUL,VNS,12,DUS,8700.7,IDR
IN6313,2022-04-20,CUST55660,APOTEK MERDEKA,CAB04,Bandung,Apotek,TD,BRG0001,ACYCLOVIR DUS,DUS,OGB & PH,24,DUS,1169.91,IDR
IN6056,2022-04-20,CUST55621,APOTEK MAJA,CAB02,Kuningan,Apotek,TA,BRG0002,ALERGINE TABLET SALUT,DUS,ETIKAL,100,DUS,2337.5,IDR
IN5983,2022-04-21,CUST55622,KLINIK GM,CAB03,Jakarta,Klinik,EPM,BRG0003,AMPICILLIN,BOTOL,MARCKS,67,DUS,10690.6,IDR
IN6315,2022-04-21,CUST55643,APOTEK MAJA,CAB02,Kuningan,Apotek,TD,BRG0004,TRAMADOL KAPSUL 50 MG,KAPSUL,VNS,13,DUS,8700.7,IDR
IN6139,2022-04-22,CUST55623,APOTEK MERDEKA,CAB04,Bandung,Apotek,TD,BRG0004,TRAMADOL KAPSUL 50 MG,KAPSUL,VNS,78,DUS,8700.7,IDR
IN6126,2022-04-23,CUST55624,KLINIK SAHABAT,CAB05,Tangerang,Klinik,TD,BRG0005,KLORPROMAZINA TABLET SALUT SELAPUT 100 MG,TABLET,SLCYL,45,DUS,5648.3,IDR
IN6127,2022-04-24,CUST55625,APOTEK SINAR JAYA,CAB06,Bekasi,Apotek,TA,BRG0006,KETOCONAZOLE TABLET 200 MG,TABLET,OGB & PH,34,DUS,2819.2,IDR
IN6035,2022-04-25,CUST55626,APOTEK SAHABAT,CAB07,Padang,Apotek,EPM,BRG0007,ERGOTAMINE COFFEINE,BOTOL,ETIKAL,20,DUS,4592.1,IDR
IN6047,2022-04-26,CUST55635,APOTEK TAPAK,CAB01,Aceh,Apotek,TA,BRG0006,KETOCONAZOLE TABLET 200 MG,TABLET,OGB & PH,12,DUS,2819.2,IDR
IN6309,2022-04-26,CUST55627,APOTEK TAPAK,CAB01,Aceh,Apotek,TD,BRG0008,TETRACYCLINE KAPSUL 250 MG,KAPSUL,MARCKS,45,DUS,3991.9,IDR
IN6073,2022-04-27,CUST55628,APOTEK MAJA,CAB02,Kuningan,Apotek,TA,BRG0009,AMBROXOL HC,BOTOL,VNS,34,DUS,5780.7,IDR
IN6071,2022-04-27,CUST55636,APOTEK MAJA,CAB02,Kuningan,Apotek,EPM,BRG0007,ERGOTAMINE COFFEINE,BOTOL,ETIKAL,95,DUS,4592.1,IDR
IN6277,2022-04-28,CUST55629,KLINIK GM,CAB03,Jakarta,Klinik,EPM,BRG0010,PARACETAMOL,BOTOL,SLCYL,34,DUS,6940.3,IDR
IN6009,2022-04-28,CUST55637,KLINIK GM,CAB03,Jakarta,Klinik,TD,BRG0008,TETRACYCLINE KAPSUL 250 MG,KAPSUL,MARCKS,76,DUS,3991.9,IDR
IN6197,2022-04-29,CUST55630,APOTEK MERDEKA,CAB04,Bandung,Apotek,TD,BRG0001,ACYCLOVIR DUS,DUS,OGB & PH,34,DUS,1169.91,IDR
IN6310,2022-04-30,CUST55693,APOTEK SAHABAT,CAB07,Padang,Apotek,EPM,BRG0004,TRAMADOL KAPSUL 50 MG,KAPSUL,VNS,13,DUS,8700.7,IDR
IN6225,2022-04-30,CUST55631,KLINIK SAHABAT,CAB05,Tangerang,Klinik,TA,BRG0002,ALERGINE TABLET SALUT,DUS,ETIKAL,44,DUS,2337.5,IDR
IN6304,2022-04-30,CUST55728,APOTEK MERDEKA,CAB04,Bandung,Apotek,TD,BRG0009,AMBROXOL HC,BOTOL,VNS,44,DUS,5780.7,IDR
IN6101,2022-04-30,CUST55723,APOTEK SAHABAT,CAB07,Padang,Apotek,EPM,BRG0004,TRAMADOL KAPSUL 50 MG,KAPSUL,VNS,20,DUS,8700.7,IDR
IN6097,2022-04-30,CUST55718,APOTEK MAJA,CAB02,Kuningan,Apotek,TD,BRG0009,AMBROXOL HC,BOTOL,VNS,100,DUS,5780.7,IDR
IN6106,2022-04-30,CUST55713,APOTEK MERDEKA,CAB04,Bandung,Apotek,EPM,BRG0004,TRAMADOL KAPSUL 50 MG,KAPSUL,VNS,4,DUS,8700.7,IDR
IN6132,2022-04-30,CUST55708,APOTEK SAHABAT,CAB07,Padang,Apotek,TD,BRG0003,AMPICILLIN,BOTOL,VNS,12,DUS,5780.7,IDR
IN6249,2022-04-30,CUST55703,APOTEK MAJA,CAB02,Kuningan,Apotek,EPM,BRG0004,TRAMADOL KAPSUL 50 MG,KAPSUL,VNS,25,DUS,8700.7,IDR
IN6265,2022-04-30,CUST55698,APOTEK MERDEKA,CAB04,Bandung,Apotek,TD,BRG0009,AMBROXOL HC,BOTOL,VNS,25,DUS,5780.7,IDR
IN5989,2022-05-01,CUST55719,KLINIK GM,CAB03,Jakarta,Klinik,TA,BRG0010,PARACETAMOL,BOTOL,SLCYL,67,DUS,6940.3,IDR
IN5984,2022-05-01,CUST55714,KLINIK SAHABAT,CAB05,Tangerang,Klinik,TD,BRG0005,KLORPROMAZINA TABLET SALUT SELAPUT 100 MG,TABLET,SLCYL,8,DUS,5648.3,IDR
IN6044,2022-05-01,CUST55694,KLINIK DR. ANDRI,CAB08,Lampung,Klinik,TD,BRG0005,KLORPROMAZINA TABLET SALUT SELAPUT 100 MG,TABLET,SLCYL,17,DUS,5648.3,IDR
IN6142,2022-05-01,CUST55724,KLINIK DR. ANDRI,CAB08,Lampung,Klinik,TD,BRG0005,KLORPROMAZINA TABLET SALUT SELAPUT 100 MG,TABLET,SLCYL,45,DUS,5648.3,IDR
IN6067,2022-05-01,CUST55704,KLINIK GM,CAB03,Jakarta,Klinik,TD,BRG0005,KLORPROMAZINA TABLET SALUT SELAPUT 100 MG,TABLET,SLCYL,13,DUS,5648.3,IDR
IN6030,2022-05-01,CUST55709,KLINIK DR. ANDRI,CAB08,Lampung,Klinik,TA,BRG0004,TRAMADOL KAPSUL 50 MG,KAPSUL,SLCYL,10,DUS,6940.3,IDR
IN6004,2022-05-01,CUST55729,KLINIK SAHABAT,CAB05,Tangerang,Klinik,TA,BRG0010,PARACETAMOL,BOTOL,SLCYL,5,DUS,6940.3,IDR
IN5999,2022-05-01,CUST55632,APOTEK SINAR JAYA,CAB06,Bekasi,Apotek,EPM,BRG0003,AMPICILLIN,BOTOL,MARCKS,5,DUS,10690.6,IDR
IN6158,2022-05-01,CUST55699,KLINIK SAHABAT,CAB05,Tangerang,Klinik,TA,BRG0010,PARACETAMOL,BOTOL,SLCYL,13,DUS,6940.3,IDR
IN6151,2022-05-02,CUST55720,APOTEK MERDEKA,CAB04,Bandung,Apotek,EPM,BRG0001,ACYCLOVIR DUS,DUS,OGB & PH,78,DUS,1169.91,IDR
IN6223,2022-05-02,CUST55633,APOTEK SAHABAT,CAB07,Padang,Apotek,TD,BRG0004,TRAMADOL KAPSUL 50 MG,KAPSUL,VNS,6,DUS,8700.7,IDR
IN6007,2022-05-02,CUST55715,APOTEK SINAR JAYA,CAB06,Bekasi,Apotek,TD,BRG0006,KETOCONAZOLE TABLET 200 MG,TABLET,OGB & PH,9,DUS,2819.2,IDR
IN6094,2022-05-02,CUST55710,APOTEK TAPAK,CAB01,Aceh,Apotek,EPM,BRG0001,ACYCLOVIR DUS,DUS,OGB & PH,67,DUS,1169.91,IDR
IN6143,2022-05-02,CUST55705,APOTEK MERDEKA,CAB04,Bandung,Apotek,TD,BRG0006,KETOCONAZOLE TABLET 200 MG,TABLET,OGB & PH,24,DUS,2819.2,IDR
IN6178,2022-05-02,CUST55695,APOTEK TAPAK,CAB01,Aceh,Apotek,TA,BRG0006,KETOCONAZOLE TABLET 200 MG,TABLET,OGB & PH,18,DUS,2819.2,IDR
IN6312,2022-05-02,CUST55725,APOTEK TAPAK,CAB01,Aceh,Apotek,TD,BRG0006,KETOCONAZOLE TABLET 200 MG,TABLET,OGB & PH,34,DUS,2819.2,IDR
IN6105,2022-05-02,CUST55700,APOTEK SINAR JAYA,CAB06,Bekasi,Apotek,EPM,BRG0001,ACYCLOVIR DUS,DUS,OGB & PH,21,DUS,1169.91,IDR
IN5990,2022-05-03,CUST55706,KLINIK SAHABAT,CAB05,Tangerang,Klinik,TA,BRG0001,ACYCLOVIR DUS,DUS,ETIKAL,10,DUS,4592.1,IDR
IN6270,2022-05-03,CUST55696,APOTEK MAJA,CAB02,Kuningan,Apotek,EPM,BRG0007,ERGOTAMINE COFFEINE,BOTOL,ETIKAL,18,DUS,4592.1,IDR
IN6273,2022-05-03,CUST55634,KLINIK DR. ANDRI,CAB08,Lampung,Klinik,TD,BRG0005,KLORPROMAZINA TABLET SALUT SELAPUT 100 MG,TABLET,SLCYL,79,DUS,5648.3,IDR
IN6115,2022-05-03,CUST55716,APOTEK SAHABAT,CAB07,Padang,Apotek,TA,BRG0007,ERGOTAMINE COFFEINE,BOTOL,ETIKAL,10,DUS,4592.1,IDR
IN6213,2022-05-03,CUST55701,APOTEK SAHABAT,CAB07,Padang,Apotek,TD,BRG0002,ALERGINE TABLET SALUT,DUS,ETIKAL,21,DUS,2337.5,IDR
IN6112,2022-05-03,CUST55726,APOTEK MAJA,CAB02,Kuningan,Apotek,TA,BRG0007,ERGOTAMINE COFFEINE,BOTOL,ETIKAL,34,DUS,4592.1,IDR
IN6294,2022-05-03,CUST55711,APOTEK MAJA,CAB02,Kuningan,Apotek,TD,BRG0002,ALERGINE TABLET SALUT,DUS,ETIKAL,98,DUS,2337.5,IDR
IN6037,2022-05-03,CUST55721,KLINIK SAHABAT,CAB05,Tangerang,Klinik,TD,BRG0002,ALERGINE TABLET SALUT,DUS,ETIKAL,45,DUS,2337.5,IDR
IN6168,2022-05-13,CUST55644,KLINIK GM,CAB03,Jakarta,Klinik,TD,BRG0005,KLORPROMAZINA TABLET SALUT SELAPUT 100 MG,TABLET,SLCYL,24,DUS,5648.3,IDR
IN6192,2022-05-14,CUST55645,APOTEK MERDEKA,CAB04,Bandung,Apotek,TA,BRG0006,KETOCONAZOLE TABLET 200 MG,TABLET,OGB & PH,10,DUS,2819.2,IDR
IN6285,2022-05-15,CUST55646,KLINIK SAHABAT,CAB05,Tangerang,Klinik,EPM,BRG0001,ACYCLOVIR DUS,DUS,ETIKAL,130,DUS,4592.1,IDR
IN6077,2022-05-16,CUST55647,APOTEK SINAR JAYA,CAB06,Bekasi,Apotek,TD,BRG0002,ALERGINE TABLET SALUT,DUS,MARCKS,12,DUS,3991.9,IDR
IN6057,2022-05-17,CUST55648,APOTEK SAHABAT,CAB07,Padang,Apotek,TA,BRG0003,AMPICILLIN,BOTOL,VNS,10,DUS,5780.7,IDR
IN6252,2022-05-18,CUST55649,KLINIK DR. ANDRI,CAB08,Lampung,Klinik,EPM,BRG0004,TRAMADOL KAPSUL 50 MG,KAPSUL,SLCYL,67,DUS,6940.3,IDR
IN6283,2022-05-19,CUST55664,KLINIK DR. ANDRI,CAB08,Lampung,Klinik,TD,BRG0005,KLORPROMAZINA TABLET SALUT SELAPUT 100 MG,TABLET,SLCYL,10,DUS,5648.3,IDR
IN6272,2022-05-19,CUST55650,APOTEK TAPAK,CAB01,Aceh,Apotek,TD,BRG0001,ACYCLOVIR DUS,DUS,OGB & PH,98,DUS,1169.91,IDR
IN6150,2022-05-20,CUST55651,APOTEK MAJA,CAB02,Kuningan,Apotek,TD,BRG0002,ALERGINE TABLET SALUT,DUS,ETIKAL,5,DUS,2337.5,IDR
IN6169,2022-05-20,CUST55665,APOTEK TAPAK,CAB01,Aceh,Apotek,TA,BRG0006,KETOCONAZOLE TABLET 200 MG,TABLET,OGB & PH,67,DUS,2819.2,IDR
IN6298,2022-05-21,CUST55652,KLINIK GM,CAB03,Jakarta,Klinik,TA,BRG0003,AMPICILLIN,BOTOL,MARCKS,4,DUS,10690.6,IDR
IN6121,2022-05-21,CUST55666,APOTEK MAJA,CAB02,Kuningan,Apotek,EPM,BRG0007,ERGOTAMINE COFFEINE,BOTOL,ETIKAL,98,DUS,4592.1,IDR
IN6295,2022-05-22,CUST55653,APOTEK MERDEKA,CAB04,Bandung,Apotek,EPM,BRG0004,TRAMADOL KAPSUL 50 MG,KAPSUL,VNS,8,DUS,8700.7,IDR
IN6117,2022-05-22,CUST55667,KLINIK GM,CAB03,Jakarta,Klinik,TD,BRG0008,TETRACYCLINE KAPSUL 250 MG,KAPSUL,MARCKS,5,DUS,3991.9,IDR
IN6022,2022-05-23,CUST55654,KLINIK SAHABAT,CAB05,Tangerang,Klinik,TD,BRG0005,KLORPROMAZINA TABLET SALUT SELAPUT 100 MG,TABLET,SLCYL,9,DUS,5648.3,IDR
IN6201,2022-05-23,CUST55668,APOTEK MERDEKA,CAB04,Bandung,Apotek,TA,BRG0009,AMBROXOL HC,BOTOL,VNS,4,DUS,5780.7,IDR
IN6179,2022-05-24,CUST55669,KLINIK SAHABAT,CAB05,Tangerang,Klinik,EPM,BRG0010,PARACETAMOL,BOTOL,SLCYL,8,DUS,6940.3,IDR
IN6090,2022-05-24,CUST55655,APOTEK SINAR JAYA,CAB06,Bekasi,Apotek,TA,BRG0006,KETOCONAZOLE TABLET 200 MG,TABLET,OGB & PH,21,DUS,2819.2,IDR
IN5996,2022-05-25,CUST55656,APOTEK SAHABAT,CAB07,Padang,Apotek,EPM,BRG0007,ERGOTAMINE COFFEINE,BOTOL,ETIKAL,21,DUS,4592.1,IDR
IN5978,2022-05-25,CUST55670,APOTEK SINAR JAYA,CAB06,Bekasi,Apotek,TD,BRG0001,ACYCLOVIR DUS,DUS,OGB & PH,9,DUS,1169.91,IDR
IN5993,2022-05-26,CUST55671,APOTEK SAHABAT,CAB07,Padang,Apotek,TD,BRG0002,ALERGINE TABLET SALUT,DUS,ETIKAL,1,DUS,2337.5,IDR
IN6111,2022-05-26,CUST55657,APOTEK TAPAK,CAB01,Aceh,Apotek,TD,BRG0008,TETRACYCLINE KAPSUL 250 MG,KAPSUL,MARCKS,12,DUS,3991.9,IDR
IN6160,2022-05-27,CUST55672,APOTEK TAPAK,CAB01,Aceh,Apotek,TA,BRG0003,AMPICILLIN,BOTOL,MARCKS,5,DUS,10690.6,IDR
IN6282,2022-05-28,CUST55673,APOTEK MAJA,CAB02,Kuningan,Apotek,EPM,BRG0004,TRAMADOL KAPSUL 50 MG,KAPSUL,VNS,9,DUS,8700.7,IDR
IN6093,2022-05-29,CUST55674,KLINIK GM,CAB03,Jakarta,Klinik,TD,BRG0005,KLORPROMAZINA TABLET SALUT SELAPUT 100 MG,TABLET,SLCYL,13,DUS,5648.3,IDR
IN6166,2022-05-30,CUST55675,APOTEK MERDEKA,CAB04,Bandung,Apotek,TA,BRG0006,KETOCONAZOLE TABLET 200 MG,TABLET,OGB & PH,1,DUS,2819.2,IDR
IN6010,2022-05-31,CUST55676,KLINIK SAHABAT,CAB05,Tangerang,Klinik,EPM,BRG0001,ACYCLOVIR DUS,DUS,ETIKAL,5,DUS,4592.1,IDR
IN6100,2022-06-01,CUST55677,APOTEK SINAR JAYA,CAB06,Bekasi,Apotek,TD,BRG0002,ALERGINE TABLET SALUT,DUS,MARCKS,9,DUS,3991.9,IDR
IN6222,2022-06-02,CUST55678,APOTEK SAHABAT,CAB07,Padang,Apotek,TD,BRG0003,AMPICILLIN,BOTOL,VNS,1,DUS,5780.7,IDR
IN6032,2022-06-03,CUST55679,KLINIK DR. ANDRI,CAB08,Lampung,Klinik,TA,BRG0004,TRAMADOL KAPSUL 50 MG,KAPSUL,SLCYL,23,DUS,6940.3,IDR
IN6198,2022-06-04,CUST55680,APOTEK TAPAK,CAB01,Aceh,Apotek,EPM,BRG0001,ACYCLOVIR DUS,DUS,OGB & PH,4,DUS,1169.91,IDR
IN6212,2022-06-05,CUST55681,APOTEK MAJA,CAB02,Kuningan,Apotek,TD,BRG0002,ALERGINE TABLET SALUT,DUS,ETIKAL,2,DUS,2337.5,IDR
IN6288,2022-06-06,CUST55682,KLINIK GM,CAB03,Jakarta,Klinik,TA,BRG0003,AMPICILLIN,BOTOL,MARCKS,17,DUS,10690.6,IDR
IN6059,2022-06-07,CUST55683,APOTEK MERDEKA,CAB04,Bandung,Apotek,EPM,BRG0004,TRAMADOL KAPSUL 50 MG,KAPSUL,VNS,11,DUS,8700.7,IDR
IN6236,2022-06-08,CUST55684,KLINIK SAHABAT,CAB05,Tangerang,Klinik,TD,BRG0005,KLORPROMAZINA TABLET SALUT SELAPUT 100 MG,TABLET,SLCYL,11,DUS,5648.3,IDR
IN6296,2022-06-09,CUST55685,APOTEK SINAR JAYA,CAB06,Bekasi,Apotek,TA,BRG0006,KETOCONAZOLE TABLET 200 MG,TABLET,OGB & PH,12,DUS,2819.2,IDR
IN6324,2022-06-10,CUST55686,APOTEK SAHABAT,CAB07,Padang,Apotek,EPM,BRG0007,ERGOTAMINE COFFEINE,BOTOL,ETIKAL,25,DUS,4592.1,IDR
IN6091,2022-06-11,CUST55687,APOTEK TAPAK,CAB01,Aceh,Apotek,TD,BRG0008,TETRACYCLINE KAPSUL 250 MG,KAPSUL,MARCKS,13,DUS,3991.9,IDR
IN6033,2022-06-12,CUST55688,APOTEK MAJA,CAB02,Kuningan,Apotek,TD,BRG0009,AMBROXOL HC,BOTOL,VNS,34,DUS,5780.7,IDR
IN6159,2022-06-13,CUST55689,KLINIK GM,CAB03,Jakarta,Klinik,TA,BRG0010,PARACETAMOL,BOTOL,SLCYL,67,DUS,6940.3,IDR
IN6264,2022-06-14,CUST55690,APOTEK MERDEKA,CAB04,Bandung,Apotek,EPM,BRG0001,ACYCLOVIR DUS,DUS,OGB & PH,15,DUS,1169.91,IDR
IN6046,2022-06-15,CUST55691,KLINIK SAHABAT,CAB05,Tangerang,Klinik,TD,BRG0002,ALERGINE TABLET SALUT,DUS,ETIKAL,12,DUS,2337.5,IDR
IN6012,2022-06-16,CUST55712,KLINIK GM,CAB03,Jakarta,Klinik,TA,BRG0003,AMPICILLIN,BOTOL,MARCKS,5,DUS,10690.6,IDR
IN5992,2022-06-16,CUST55707,APOTEK SINAR JAYA,CAB06,Bekasi,Apotek,EPM,BRG0002,ALERGINE TABLET SALUT,DUS,MARCKS,23,DUS,3991.9,IDR
IN6109,2022-06-16,CUST55702,APOTEK TAPAK,CAB01,Aceh,Apotek,TA,BRG0003,AMPICILLIN,BOTOL,MARCKS,12,DUS,10690.6,IDR
IN6000,2022-06-16,CUST55717,APOTEK TAPAK,CAB01,Aceh,Apotek,EPM,BRG0008,TETRACYCLINE KAPSUL 250 MG,KAPSUL,MARCKS,7,DUS,3991.9,IDR
IN6123,2022-06-16,CUST55697,KLINIK GM,CAB03,Jakarta,Klinik,TD,BRG0008,TETRACYCLINE KAPSUL 250 MG,KAPSUL,MARCKS,12,DUS,3991.9,IDR
IN6268,2022-06-16,CUST55692,APOTEK SINAR JAYA,CAB06,Bekasi,Apotek,TA,BRG0003,AMPICILLIN,BOTOL,MARCKS,25,DUS,10690.6,IDR
IN6165,2022-06-16,CUST55722,APOTEK SINAR JAYA,CAB06,Bekasi,Apotek,TA,BRG0003,AMPICILLIN,BOTOL,MARCKS,34,DUS,10690.6,IDR
IN6204,2022-06-16,CUST55727,KLINIK GM,CAB03,Jakarta,Klinik,EPM,BRG0008,TETRACYCLINE KAPSUL 250 MG,KAPSUL,MARCKS,34,DUS,3991.9,IDR
